reminder_id,appointment_id,channel,sent_at,delivery_status,message_type
R00001,A00001,sms,2026-06-01 11:30:00,sent,appointment_reminder_24h
R00002,A00002,phone_call,2026-06-01 11:15:00,delivered,appointment_reminder_24h
R00003,A00003,sms,2026-06-01 10:30:00,delivered,appointment_reminder_24h
R00004,A00004,zalo,2026-06-01 10:30:00,delivered,appointment_reminder_24h
R00005,A00005,zalo,2026-06-01 13:45:00,delivered,appointment_reminder_24h
R00006,A00006,sms,2026-06-01 05:45:00,sent,appointment_reminder_24h
R00007,A00007,zalo,2026-06-01 09:00:00,delivered,appointment_reminder_24h
R00008,A00008,email,2026-06-01 07:30:00,delivered,appointment_reminder_24h
R00009,A00009,phone_call,2026-06-01 10:15:00,delivered,appointment_reminder_24h
R00010,A00011,zalo,2026-06-01 13:00:00,delivered,appointment_reminder_24h
R00011,A00012,phone_call,2026-06-01 06:00:00,delivered,appointment_reminder_24h
R00012,A00014,sms,2026-06-01 12:45:00,sent,appointment_reminder_24h
R00013,A00015,sms,2026-06-01 09:30:00,delivered,appointment_reminder_24h
R00014,A00016,sms,2026-06-01 15:15:00,delivered,appointment_reminder_24h
R00015,A00017,zalo,2026-06-01 10:00:00,delivered,appointment_reminder_24h
R00016,A00018,sms,2026-06-01 13:30:00,delivered,appointment_reminder_24h
R00017,A00019,email,2026-06-01 14:00:00,sent,appointment_reminder_24h
R00018,A00020,sms,2026-06-01 06:45:00,sent,appointment_reminder_24h
R00019,A00021,sms,2026-06-01 11:00:00,delivered,appointment_reminder_24h
R00020,A00022,sms,2026-06-01 13:15:00,delivered,appointment_reminder_24h
R00021,A00026,sms,2026-06-01 10:30:00,delivered,appointment_reminder_24h
R00022,A00027,sms,2026-06-01 03:45:00,delivered,appointment_reminder_24h
R00023,A00028,zalo,2026-06-01 09:45:00,delivered,appointment_reminder_24h
R00024,A00031,sms,2026-06-01 10:15:00,delivered,appointment_reminder_24h
R00025,A00032,zalo,2026-06-01 09:45:00,delivered,appointment_reminder_24h
R00026,A00033,email,2026-06-01 13:15:00,sent,appointment_reminder_24h
R00027,A00034,sms,2026-06-01 14:00:00,delivered,appointment_reminder_24h
R00028,A00036,sms,2026-06-01 09:30:00,delivered,appointment_reminder_24h
R00029,A00037,sms,2026-06-01 08:30:00,delivered,appointment_reminder_24h
R00030,A00038,email,2026-06-01 14:45:00,sent,appointment_reminder_24h
R00031,A00039,email,2026-06-01 13:30:00,delivered,appointment_reminder_24h
R00032,A00040,zalo,2026-06-01 06:15:00,delivered,appointment_reminder_24h
R00033,A00042,zalo,2026-06-01 09:30:00,delivered,appointment_reminder_24h
R00034,A00043,phone_call,2026-06-01 13:15:00,delivered,appointment_reminder_24h
R00035,A00044,email,2026-06-01 12:15:00,delivered,appointment_reminder_24h
R00036,A00046,email,2026-06-01 11:45:00,delivered,appointment_reminder_24h
R00037,A00047,sms,2026-06-01 06:45:00,delivered,appointment_reminder_24h
R00038,A00048,sms,2026-06-01 05:15:00,sent,appointment_reminder_24h
R00039,A00050,zalo,2026-06-01 10:30:00,delivered,appointment_reminder_24h
R00040,A00052,zalo,2026-06-01 05:15:00,delivered,appointment_reminder_24h
R00041,A00053,zalo,2026-06-01 07:30:00,delivered,appointment_reminder_24h
R00042,A00054,zalo,2026-06-01 05:30:00,delivered,appointment_reminder_24h
R00043,A00056,sms,2026-06-01 08:15:00,sent,appointment_reminder_24h
R00044,A00057,sms,2026-06-01 10:15:00,delivered,appointment_reminder_24h
R00045,A00058,sms,2026-06-01 07:15:00,delivered,appointment_reminder_24h
R00046,A00060,zalo,2026-06-01 13:30:00,delivered,appointment_reminder_24h
R00047,A00063,phone_call,2026-06-01 06:00:00,delivered,appointment_reminder_24h
R00048,A00064,phone_call,2026-06-01 10:00:00,delivered,appointment_reminder_24h
R00049,A00065,email,2026-06-01 09:15:00,delivered,appointment_reminder_24h
R00050,A00066,sms,2026-06-01 10:45:00,delivered,appointment_reminder_24h
R00051,A00069,sms,2026-06-01 14:45:00,sent,appointment_reminder_24h
R00052,A00071,sms,2026-06-01 11:15:00,delivered,appointment_reminder_24h
R00053,A00072,sms,2026-06-01 14:15:00,sent,appointment_reminder_24h
R00054,A00073,zalo,2026-06-01 11:45:00,delivered,appointment_reminder_24h
R00055,A00075,sms,2026-06-01 10:45:00,delivered,appointment_reminder_24h
R00056,A00076,zalo,2026-06-01 12:15:00,delivered,appointment_reminder_24h
R00057,A00077,sms,2026-06-01 11:45:00,delivered,appointment_reminder_24h
R00058,A00078,sms,2026-06-01 03:30:00,delivered,appointment_reminder_24h
R00059,A00079,sms,2026-06-01 06:00:00,delivered,appointment_reminder_24h
R00060,A00080,phone_call,2026-06-01 14:45:00,delivered,appointment_reminder_24h
R00061,A00081,zalo,2026-06-01 05:00:00,delivered,appointment_reminder_24h
R00062,A00082,sms,2026-06-01 10:45:00,delivered,appointment_reminder_24h
R00063,A00083,zalo,2026-06-01 06:15:00,delivered,appointment_reminder_24h
R00064,A00084,zalo,2026-06-01 09:30:00,delivered,appointment_reminder_24h
R00065,A00085,sms,2026-06-01 06:45:00,delivered,appointment_reminder_24h
R00066,A00086,phone_call,2026-06-01 06:30:00,delivered,appointment_reminder_24h
R00067,A00087,email,2026-06-01 04:15:00,sent,appointment_reminder_24h
R00068,A00088,sms,2026-06-01 06:00:00,sent,appointment_reminder_24h
R00069,A00089,email,2026-06-01 11:45:00,delivered,appointment_reminder_24h
R00070,A00092,phone_call,2026-06-02 08:15:00,delivered,appointment_reminder_24h
R00071,A00093,email,2026-06-02 13:00:00,failed,appointment_reminder_24h
R00072,A00094,zalo,2026-06-02 13:15:00,sent,appointment_reminder_24h
R00073,A00095,zalo,2026-06-02 04:15:00,delivered,appointment_reminder_24h
R00074,A00097,sms,2026-06-02 06:45:00,delivered,appointment_reminder_24h
R00075,A00099,sms,2026-06-02 10:15:00,delivered,appointment_reminder_24h
R00076,A00101,sms,2026-06-02 13:00:00,delivered,appointment_reminder_24h
R00077,A00102,zalo,2026-06-02 07:45:00,delivered,appointment_reminder_24h
R00078,A00103,sms,2026-06-02 04:15:00,delivered,appointment_reminder_24h
R00079,A00104,sms,2026-06-02 05:15:00,delivered,appointment_reminder_24h
R00080,A00105,zalo,2026-06-02 07:30:00,delivered,appointment_reminder_24h
R00081,A00107,phone_call,2026-06-02 12:00:00,delivered,appointment_reminder_24h
R00082,A00108,sms,2026-06-02 09:45:00,delivered,appointment_reminder_24h
R00083,A00110,sms,2026-06-02 11:45:00,delivered,appointment_reminder_24h
R00084,A00111,sms,2026-06-02 14:15:00,delivered,appointment_reminder_24h
R00085,A00113,zalo,2026-06-02 08:15:00,sent,appointment_reminder_24h
R00086,A00114,sms,2026-06-02 10:45:00,delivered,appointment_reminder_24h
R00087,A00115,email,2026-06-02 04:15:00,delivered,appointment_reminder_24h
R00088,A00116,email,2026-06-02 12:15:00,delivered,appointment_reminder_24h
R00089,A00117,sms,2026-06-02 11:45:00,delivered,appointment_reminder_24h
R00090,A00119,zalo,2026-06-02 12:30:00,delivered,appointment_reminder_24h
R00091,A00120,zalo,2026-06-02 11:30:00,delivered,appointment_reminder_24h
R00092,A00121,zalo,2026-06-02 13:00:00,failed,appointment_reminder_24h
R00093,A00122,sms,2026-06-02 03:15:00,failed,appointment_reminder_24h
R00094,A00123,zalo,2026-06-02 07:30:00,delivered,appointment_reminder_24h
R00095,A00124,sms,2026-06-02 08:15:00,delivered,appointment_reminder_24h
R00096,A00125,email,2026-06-02 14:00:00,failed,appointment_reminder_24h
R00097,A00127,email,2026-06-02 04:30:00,delivered,appointment_reminder_24h
R00098,A00128,zalo,2026-06-02 06:15:00,delivered,appointment_reminder_24h
R00099,A00129,email,2026-06-02 11:00:00,failed,appointment_reminder_24h
R00100,A00130,sms,2026-06-02 07:00:00,delivered,appointment_reminder_24h
R00101,A00133,sms,2026-06-02 12:00:00,delivered,appointment_reminder_24h
R00102,A00135,zalo,2026-06-02 07:00:00,delivered,appointment_reminder_24h
R00103,A00136,phone_call,2026-06-02 06:15:00,delivered,appointment_reminder_24h
R00104,A00137,sms,2026-06-02 10:30:00,delivered,appointment_reminder_24h
R00105,A00140,email,2026-06-02 13:00:00,delivered,appointment_reminder_24h
R00106,A00143,zalo,2026-06-02 13:00:00,delivered,appointment_reminder_24h
R00107,A00144,sms,2026-06-02 09:45:00,delivered,appointment_reminder_24h
R00108,A00145,sms,2026-06-02 03:15:00,delivered,appointment_reminder_24h
R00109,A00147,email,2026-06-02 14:00:00,delivered,appointment_reminder_24h
R00110,A00148,sms,2026-06-02 07:00:00,delivered,appointment_reminder_24h
R00111,A00149,sms,2026-06-02 07:15:00,sent,appointment_reminder_24h
R00112,A00150,phone_call,2026-06-02 09:15:00,delivered,appointment_reminder_24h
R00113,A00151,zalo,2026-06-02 05:30:00,delivered,appointment_reminder_24h
R00114,A00152,phone_call,2026-06-02 06:00:00,delivered,appointment_reminder_24h
R00115,A00153,sms,2026-06-02 07:15:00,delivered,appointment_reminder_24h
R00116,A00156,sms,2026-06-02 12:00:00,delivered,appointment_reminder_24h
R00117,A00157,zalo,2026-06-02 12:00:00,delivered,appointment_reminder_24h
R00118,A00158,sms,2026-06-02 08:45:00,delivered,appointment_reminder_24h
R00119,A00159,phone_call,2026-06-02 07:15:00,delivered,appointment_reminder_24h
R00120,A00160,sms,2026-06-02 12:45:00,delivered,appointment_reminder_24h
R00121,A00161,sms,2026-06-02 08:15:00,delivered,appointment_reminder_24h
R00122,A00162,zalo,2026-06-02 04:45:00,delivered,appointment_reminder_24h
R00123,A00163,zalo,2026-06-02 06:15:00,delivered,appointment_reminder_24h
R00124,A00165,zalo,2026-06-02 09:00:00,sent,appointment_reminder_24h
R00125,A00166,sms,2026-06-02 06:45:00,delivered,appointment_reminder_24h
R00126,A00167,zalo,2026-06-02 10:15:00,sent,appointment_reminder_24h
R00127,A00168,zalo,2026-06-02 10:15:00,delivered,appointment_reminder_24h
R00128,A00169,sms,2026-06-02 08:15:00,delivered,appointment_reminder_24h
R00129,A00170,zalo,2026-06-02 05:30:00,delivered,appointment_reminder_24h
R00130,A00171,zalo,2026-06-02 04:15:00,delivered,appointment_reminder_24h
R00131,A00172,sms,2026-06-02 06:15:00,delivered,appointment_reminder_24h
R00132,A00175,sms,2026-06-02 06:00:00,delivered,appointment_reminder_24h
R00133,A00176,email,2026-06-02 09:45:00,delivered,appointment_reminder_24h
R00134,A00177,sms,2026-06-02 09:30:00,delivered,appointment_reminder_24h
R00135,A00178,zalo,2026-06-02 10:30:00,delivered,appointment_reminder_24h
R00136,A00179,zalo,2026-06-02 11:00:00,delivered,appointment_reminder_24h
R00137,A00180,zalo,2026-06-02 12:00:00,delivered,appointment_reminder_24h
R00138,A00181,sms,2026-06-02 06:30:00,delivered,appointment_reminder_24h
R00139,A00182,sms,2026-06-02 08:15:00,failed,appointment_reminder_24h
R00140,A00183,phone_call,2026-06-02 12:15:00,delivered,appointment_reminder_24h
R00141,A00184,zalo,2026-06-02 10:30:00,delivered,appointment_reminder_24h
R00142,A00185,zalo,2026-06-02 04:45:00,delivered,appointment_reminder_24h
R00143,A00186,phone_call,2026-06-02 08:30:00,delivered,appointment_reminder_24h
R00144,A00187,sms,2026-06-02 11:45:00,delivered,appointment_reminder_24h
R00145,A00188,zalo,2026-06-02 13:00:00,delivered,appointment_reminder_24h
R00146,A00189,zalo,2026-06-02 11:00:00,sent,appointment_reminder_24h
R00147,A00190,sms,2026-06-02 05:30:00,sent,appointment_reminder_24h
R00148,A00191,sms,2026-06-02 09:45:00,delivered,appointment_reminder_24h
R00149,A00192,phone_call,2026-06-02 08:30:00,sent,appointment_reminder_24h
R00150,A00193,zalo,2026-06-02 04:45:00,delivered,appointment_reminder_24h
R00151,A00194,email,2026-06-02 08:30:00,failed,appointment_reminder_24h
R00152,A00195,sms,2026-06-02 09:00:00,delivered,appointment_reminder_24h
R00153,A00196,sms,2026-06-02 10:45:00,sent,appointment_reminder_24h
R00154,A00197,zalo,2026-06-03 08:30:00,delivered,appointment_reminder_24h
R00155,A00198,phone_call,2026-06-03 08:45:00,delivered,appointment_reminder_24h
R00156,A00199,zalo,2026-06-03 07:15:00,delivered,appointment_reminder_24h
R00157,A00201,zalo,2026-06-03 06:45:00,delivered,appointment_reminder_24h
R00158,A00203,zalo,2026-06-03 07:30:00,delivered,appointment_reminder_24h
R00159,A00204,sms,2026-06-03 04:15:00,delivered,appointment_reminder_24h
R00160,A00205,sms,2026-06-03 04:30:00,delivered,appointment_reminder_24h
R00161,A00206,sms,2026-06-03 07:00:00,delivered,appointment_reminder_24h
R00162,A00208,sms,2026-06-03 12:45:00,delivered,appointment_reminder_24h
R00163,A00209,sms,2026-06-03 09:15:00,delivered,appointment_reminder_24h
R00164,A00210,email,2026-06-03 12:00:00,delivered,appointment_reminder_24h
R00165,A00211,zalo,2026-06-03 10:30:00,sent,appointment_reminder_24h
R00166,A00212,email,2026-06-03 12:00:00,delivered,appointment_reminder_24h
R00167,A00214,sms,2026-06-03 09:00:00,delivered,appointment_reminder_24h
R00168,A00217,zalo,2026-06-03 08:30:00,delivered,appointment_reminder_24h
R00169,A00218,sms,2026-06-03 06:30:00,delivered,appointment_reminder_24h
R00170,A00219,zalo,2026-06-03 11:45:00,delivered,appointment_reminder_24h
R00171,A00220,zalo,2026-06-03 10:45:00,delivered,appointment_reminder_24h
R00172,A00221,sms,2026-06-03 13:45:00,delivered,appointment_reminder_24h
R00173,A00222,sms,2026-06-03 07:15:00,delivered,appointment_reminder_24h
R00174,A00223,zalo,2026-06-03 04:30:00,delivered,appointment_reminder_24h
R00175,A00224,phone_call,2026-06-03 08:00:00,delivered,appointment_reminder_24h
R00176,A00225,email,2026-06-03 06:00:00,delivered,appointment_reminder_24h
R00177,A00226,email,2026-06-03 03:30:00,sent,appointment_reminder_24h
R00178,A00227,zalo,2026-06-03 10:00:00,sent,appointment_reminder_24h
R00179,A00228,sms,2026-06-03 10:00:00,delivered,appointment_reminder_24h
R00180,A00231,email,2026-06-03 07:45:00,failed,appointment_reminder_24h
R00181,A00232,zalo,2026-06-03 06:30:00,delivered,appointment_reminder_24h
R00182,A00234,email,2026-06-03 09:15:00,sent,appointment_reminder_24h
R00183,A00235,sms,2026-06-03 04:45:00,delivered,appointment_reminder_24h
R00184,A00236,email,2026-06-03 09:30:00,delivered,appointment_reminder_24h
R00185,A00237,sms,2026-06-03 11:45:00,delivered,appointment_reminder_24h
R00186,A00238,sms,2026-06-03 13:00:00,sent,appointment_reminder_24h
R00187,A00239,zalo,2026-06-03 12:00:00,delivered,appointment_reminder_24h
R00188,A00240,zalo,2026-06-03 03:15:00,failed,appointment_reminder_24h
R00189,A00241,sms,2026-06-03 09:00:00,sent,appointment_reminder_24h
R00190,A00242,email,2026-06-03 04:15:00,delivered,appointment_reminder_24h
R00191,A00244,zalo,2026-06-03 15:30:00,sent,appointment_reminder_24h
R00192,A00245,zalo,2026-06-03 08:00:00,delivered,appointment_reminder_24h
R00193,A00246,phone_call,2026-06-03 08:30:00,failed,appointment_reminder_24h
R00194,A00248,email,2026-06-03 06:15:00,delivered,appointment_reminder_24h
R00195,A00249,sms,2026-06-03 03:45:00,delivered,appointment_reminder_24h
R00196,A00250,phone_call,2026-06-03 07:15:00,delivered,appointment_reminder_24h
R00197,A00251,email,2026-06-03 07:15:00,delivered,appointment_reminder_24h
R00198,A00252,sms,2026-06-03 10:15:00,delivered,appointment_reminder_24h
R00199,A00256,zalo,2026-06-03 12:15:00,delivered,appointment_reminder_24h
R00200,A00257,zalo,2026-06-03 11:15:00,delivered,appointment_reminder_24h
R00201,A00258,zalo,2026-06-03 06:15:00,delivered,appointment_reminder_24h
R00202,A00259,zalo,2026-06-03 05:30:00,delivered,appointment_reminder_24h
R00203,A00260,sms,2026-06-03 10:15:00,sent,appointment_reminder_24h
R00204,A00261,zalo,2026-06-03 15:15:00,delivered,appointment_reminder_24h
R00205,A00262,email,2026-06-03 07:30:00,delivered,appointment_reminder_24h
R00206,A00263,sms,2026-06-03 10:00:00,delivered,appointment_reminder_24h
R00207,A00264,zalo,2026-06-03 09:30:00,delivered,appointment_reminder_24h
R00208,A00265,sms,2026-06-03 08:30:00,delivered,appointment_reminder_24h
R00209,A00267,phone_call,2026-06-03 12:30:00,delivered,appointment_reminder_24h
R00210,A00268,zalo,2026-06-03 11:45:00,delivered,appointment_reminder_24h
R00211,A00269,zalo,2026-06-03 08:00:00,delivered,appointment_reminder_24h
R00212,A00270,zalo,2026-06-03 07:45:00,delivered,appointment_reminder_24h
R00213,A00271,sms,2026-06-03 05:15:00,failed,appointment_reminder_24h
R00214,A00272,zalo,2026-06-03 13:45:00,delivered,appointment_reminder_24h
R00215,A00274,email,2026-06-03 14:30:00,delivered,appointment_reminder_24h
R00216,A00275,sms,2026-06-03 15:45:00,delivered,appointment_reminder_24h
R00217,A00276,email,2026-06-03 14:00:00,failed,appointment_reminder_24h
R00218,A00277,sms,2026-06-03 08:00:00,delivered,appointment_reminder_24h
R00219,A00278,sms,2026-06-03 05:30:00,delivered,appointment_reminder_24h
R00220,A00279,zalo,2026-06-03 08:00:00,delivered,appointment_reminder_24h
R00221,A00280,sms,2026-06-03 05:45:00,delivered,appointment_reminder_24h
R00222,A00283,phone_call,2026-06-03 04:45:00,delivered,appointment_reminder_24h
R00223,A00284,sms,2026-06-03 10:00:00,delivered,appointment_reminder_24h
R00224,A00285,sms,2026-06-03 09:00:00,delivered,appointment_reminder_24h
R00225,A00286,email,2026-06-03 13:15:00,failed,appointment_reminder_24h
R00226,A00287,phone_call,2026-06-03 11:00:00,delivered,appointment_reminder_24h
R00227,A00288,sms,2026-06-03 14:45:00,sent,appointment_reminder_24h
R00228,A00290,zalo,2026-06-03 06:15:00,delivered,appointment_reminder_24h
R00229,A00291,zalo,2026-06-03 04:30:00,delivered,appointment_reminder_24h
R00230,A00292,phone_call,2026-06-03 07:00:00,delivered,appointment_reminder_24h
R00231,A00293,zalo,2026-06-03 10:00:00,delivered,appointment_reminder_24h
R00232,A00294,zalo,2026-06-03 08:00:00,delivered,appointment_reminder_24h
R00233,A00295,sms,2026-06-03 14:30:00,sent,appointment_reminder_24h
R00234,A00296,zalo,2026-06-03 13:00:00,delivered,appointment_reminder_24h
R00235,A00297,sms,2026-06-03 13:30:00,delivered,appointment_reminder_24h
R00236,A00298,zalo,2026-06-03 13:15:00,delivered,appointment_reminder_24h
R00237,A00299,zalo,2026-06-03 13:00:00,delivered,appointment_reminder_24h
R00238,A00300,email,2026-06-03 11:45:00,sent,appointment_reminder_24h
R00239,A00302,sms,2026-06-03 10:30:00,delivered,appointment_reminder_24h
R00240,A00303,sms,2026-06-03 13:00:00,delivered,appointment_reminder_24h
R00241,A00304,zalo,2026-06-03 13:30:00,delivered,appointment_reminder_24h
R00242,A00305,sms,2026-06-04 06:30:00,delivered,appointment_reminder_24h
R00243,A00306,sms,2026-06-04 04:30:00,sent,appointment_reminder_24h
R00244,A00307,zalo,2026-06-04 04:15:00,sent,appointment_reminder_24h
R00245,A00308,phone_call,2026-06-04 07:45:00,sent,appointment_reminder_24h
R00246,A00311,zalo,2026-06-04 07:30:00,delivered,appointment_reminder_24h
R00247,A00312,zalo,2026-06-04 06:00:00,delivered,appointment_reminder_24h
R00248,A00313,sms,2026-06-04 09:30:00,delivered,appointment_reminder_24h
R00249,A00314,email,2026-06-04 07:45:00,delivered,appointment_reminder_24h
R00250,A00315,sms,2026-06-04 14:00:00,delivered,appointment_reminder_24h
R00251,A00316,phone_call,2026-06-04 04:15:00,sent,appointment_reminder_24h
R00252,A00318,email,2026-06-04 08:30:00,failed,appointment_reminder_24h
R00253,A00321,sms,2026-06-04 03:30:00,delivered,appointment_reminder_24h
R00254,A00322,sms,2026-06-04 04:15:00,sent,appointment_reminder_24h
R00255,A00324,sms,2026-06-04 11:30:00,delivered,appointment_reminder_24h
R00256,A00325,zalo,2026-06-04 13:15:00,sent,appointment_reminder_24h
R00257,A00326,zalo,2026-06-04 04:15:00,delivered,appointment_reminder_24h
R00258,A00327,zalo,2026-06-04 05:30:00,delivered,appointment_reminder_24h
R00259,A00328,zalo,2026-06-04 09:45:00,delivered,appointment_reminder_24h
R00260,A00329,zalo,2026-06-04 10:00:00,delivered,appointment_reminder_24h
R00261,A00331,zalo,2026-06-04 14:30:00,sent,appointment_reminder_24h
R00262,A00332,email,2026-06-04 14:00:00,delivered,appointment_reminder_24h
R00263,A00333,sms,2026-06-04 08:30:00,failed,appointment_reminder_24h
R00264,A00334,email,2026-06-04 13:00:00,delivered,appointment_reminder_24h
R00265,A00335,sms,2026-06-04 13:30:00,delivered,appointment_reminder_24h
R00266,A00336,phone_call,2026-06-04 08:45:00,delivered,appointment_reminder_24h
R00267,A00337,zalo,2026-06-04 12:45:00,delivered,appointment_reminder_24h
R00268,A00338,zalo,2026-06-04 11:45:00,failed,appointment_reminder_24h
R00269,A00339,zalo,2026-06-04 11:45:00,delivered,appointment_reminder_24h
R00270,A00340,email,2026-06-04 12:30:00,delivered,appointment_reminder_24h
R00271,A00341,sms,2026-06-04 14:00:00,failed,appointment_reminder_24h
R00272,A00343,sms,2026-06-04 15:00:00,delivered,appointment_reminder_24h
R00273,A00344,zalo,2026-06-04 05:15:00,failed,appointment_reminder_24h
R00274,A00345,zalo,2026-06-04 07:45:00,delivered,appointment_reminder_24h
R00275,A00346,email,2026-06-04 13:15:00,delivered,appointment_reminder_24h
R00276,A00348,sms,2026-06-04 10:45:00,delivered,appointment_reminder_24h
R00277,A00350,zalo,2026-06-04 13:30:00,delivered,appointment_reminder_24h
R00278,A00351,phone_call,2026-06-04 08:30:00,delivered,appointment_reminder_24h
R00279,A00352,zalo,2026-06-04 09:30:00,failed,appointment_reminder_24h
R00280,A00353,email,2026-06-04 12:00:00,delivered,appointment_reminder_24h
R00281,A00354,phone_call,2026-06-04 12:30:00,delivered,appointment_reminder_24h
R00282,A00355,zalo,2026-06-04 09:00:00,delivered,appointment_reminder_24h
R00283,A00357,sms,2026-06-04 06:00:00,delivered,appointment_reminder_24h
R00284,A00358,email,2026-06-04 04:00:00,failed,appointment_reminder_24h
R00285,A00359,zalo,2026-06-04 08:00:00,delivered,appointment_reminder_24h
R00286,A00360,email,2026-06-04 06:00:00,delivered,appointment_reminder_24h
R00287,A00361,sms,2026-06-04 06:45:00,sent,appointment_reminder_24h
R00288,A00363,sms,2026-06-04 11:30:00,delivered,appointment_reminder_24h
R00289,A00364,zalo,2026-06-04 16:15:00,delivered,appointment_reminder_24h
R00290,A00365,sms,2026-06-04 06:45:00,delivered,appointment_reminder_24h
R00291,A00366,email,2026-06-04 09:45:00,delivered,appointment_reminder_24h
R00292,A00368,zalo,2026-06-04 09:30:00,delivered,appointment_reminder_24h
R00293,A00369,sms,2026-06-04 15:15:00,delivered,appointment_reminder_24h
R00294,A00370,phone_call,2026-06-04 16:30:00,delivered,appointment_reminder_24h
R00295,A00371,sms,2026-06-04 14:00:00,delivered,appointment_reminder_24h
R00296,A00372,email,2026-06-04 10:45:00,sent,appointment_reminder_24h
R00297,A00373,sms,2026-06-04 14:30:00,delivered,appointment_reminder_24h
R00298,A00374,sms,2026-06-04 16:30:00,delivered,appointment_reminder_24h
R00299,A00375,email,2026-06-05 06:30:00,delivered,appointment_reminder_24h
R00300,A00376,zalo,2026-06-05 05:45:00,delivered,appointment_reminder_24h
R00301,A00378,sms,2026-06-05 11:45:00,delivered,appointment_reminder_24h
R00302,A00381,sms,2026-06-05 10:00:00,delivered,appointment_reminder_24h
R00303,A00382,phone_call,2026-06-05 13:45:00,sent,appointment_reminder_24h
R00304,A00383,zalo,2026-06-05 12:15:00,delivered,appointment_reminder_24h
R00305,A00385,zalo,2026-06-05 05:15:00,delivered,appointment_reminder_24h
R00306,A00387,zalo,2026-06-05 08:15:00,delivered,appointment_reminder_24h
R00307,A00389,email,2026-06-05 07:00:00,sent,appointment_reminder_24h
R00308,A00390,sms,2026-06-05 06:45:00,sent,appointment_reminder_24h
R00309,A00392,zalo,2026-06-05 08:15:00,sent,appointment_reminder_24h
R00310,A00393,email,2026-06-05 10:45:00,delivered,appointment_reminder_24h
R00311,A00396,email,2026-06-05 10:15:00,failed,appointment_reminder_24h
R00312,A00397,email,2026-06-05 11:15:00,delivered,appointment_reminder_24h
R00313,A00398,sms,2026-06-05 13:15:00,delivered,appointment_reminder_24h
R00314,A00399,zalo,2026-06-05 14:15:00,sent,appointment_reminder_24h
R00315,A00400,phone_call,2026-06-05 14:30:00,delivered,appointment_reminder_24h
R00316,A00401,zalo,2026-06-05 13:15:00,delivered,appointment_reminder_24h
R00317,A00403,email,2026-06-05 11:45:00,delivered,appointment_reminder_24h
R00318,A00405,zalo,2026-06-05 11:30:00,failed,appointment_reminder_24h
R00319,A00407,zalo,2026-06-05 15:45:00,delivered,appointment_reminder_24h
R00320,A00408,sms,2026-06-05 06:30:00,delivered,appointment_reminder_24h
R00321,A00409,email,2026-06-05 07:15:00,delivered,appointment_reminder_24h
R00322,A00411,zalo,2026-06-05 06:45:00,delivered,appointment_reminder_24h
R00323,A00412,phone_call,2026-06-05 08:15:00,delivered,appointment_reminder_24h
R00324,A00413,zalo,2026-06-05 12:00:00,failed,appointment_reminder_24h
R00325,A00415,sms,2026-06-05 12:30:00,sent,appointment_reminder_24h
R00326,A00416,email,2026-06-05 11:00:00,failed,appointment_reminder_24h
R00327,A00417,zalo,2026-06-05 14:45:00,delivered,appointment_reminder_24h
R00328,A00420,sms,2026-06-05 13:45:00,delivered,appointment_reminder_24h
R00329,A00422,zalo,2026-06-07 11:30:00,sent,appointment_reminder_24h
R00330,A00424,email,2026-06-07 04:30:00,sent,appointment_reminder_24h
R00331,A00425,email,2026-06-07 04:30:00,delivered,appointment_reminder_24h
R00332,A00426,zalo,2026-06-07 08:30:00,failed,appointment_reminder_24h
R00333,A00427,zalo,2026-06-07 05:45:00,failed,appointment_reminder_24h
R00334,A00428,zalo,2026-06-07 06:15:00,delivered,appointment_reminder_24h
R00335,A00429,email,2026-06-07 06:30:00,delivered,appointment_reminder_24h
R00336,A00430,sms,2026-06-07 08:00:00,sent,appointment_reminder_24h
R00337,A00431,email,2026-06-07 09:45:00,delivered,appointment_reminder_24h
R00338,A00432,sms,2026-06-07 05:30:00,delivered,appointment_reminder_24h
R00339,A00433,sms,2026-06-07 03:45:00,delivered,appointment_reminder_24h
R00340,A00435,zalo,2026-06-07 09:30:00,delivered,appointment_reminder_24h
R00341,A00437,email,2026-06-07 12:00:00,delivered,appointment_reminder_24h
R00342,A00438,phone_call,2026-06-07 14:30:00,delivered,appointment_reminder_24h
R00343,A00439,email,2026-06-07 06:45:00,failed,appointment_reminder_24h
R00344,A00440,zalo,2026-06-07 08:15:00,delivered,appointment_reminder_24h
R00345,A00441,sms,2026-06-07 06:00:00,delivered,appointment_reminder_24h
R00346,A00442,email,2026-06-07 08:00:00,delivered,appointment_reminder_24h
R00347,A00443,phone_call,2026-06-07 05:30:00,delivered,appointment_reminder_24h
R00348,A00444,email,2026-06-07 14:15:00,delivered,appointment_reminder_24h
R00349,A00446,email,2026-06-07 11:30:00,delivered,appointment_reminder_24h
R00350,A00447,sms,2026-06-07 09:30:00,delivered,appointment_reminder_24h
R00351,A00450,zalo,2026-06-07 07:15:00,delivered,appointment_reminder_24h
R00352,A00452,zalo,2026-06-07 15:30:00,sent,appointment_reminder_24h
R00353,A00453,sms,2026-06-07 07:30:00,sent,appointment_reminder_24h
R00354,A00455,zalo,2026-06-07 06:30:00,delivered,appointment_reminder_24h
R00355,A00456,sms,2026-06-07 07:30:00,delivered,appointment_reminder_24h
R00356,A00457,sms,2026-06-07 09:45:00,sent,appointment_reminder_24h
R00357,A00459,sms,2026-06-07 05:45:00,delivered,appointment_reminder_24h
R00358,A00460,email,2026-06-07 10:15:00,delivered,appointment_reminder_24h
R00359,A00461,zalo,2026-06-07 08:45:00,delivered,appointment_reminder_24h
R00360,A00462,sms,2026-06-07 12:45:00,delivered,appointment_reminder_24h
R00361,A00464,sms,2026-06-07 14:00:00,delivered,appointment_reminder_24h
R00362,A00465,sms,2026-06-07 07:30:00,delivered,appointment_reminder_24h
R00363,A00468,sms,2026-06-07 05:15:00,delivered,appointment_reminder_24h
R00364,A00469,email,2026-06-07 08:45:00,delivered,appointment_reminder_24h
R00365,A00470,phone_call,2026-06-07 07:45:00,delivered,appointment_reminder_24h
R00366,A00471,zalo,2026-06-07 05:15:00,delivered,appointment_reminder_24h
R00367,A00472,phone_call,2026-06-07 07:45:00,delivered,appointment_reminder_24h
R00368,A00474,sms,2026-06-07 14:15:00,delivered,appointment_reminder_24h
R00369,A00476,sms,2026-06-07 09:45:00,delivered,appointment_reminder_24h
R00370,A00477,phone_call,2026-06-07 07:00:00,delivered,appointment_reminder_24h
R00371,A00478,sms,2026-06-07 12:15:00,delivered,appointment_reminder_24h
R00372,A00479,zalo,2026-06-07 14:15:00,delivered,appointment_reminder_24h
R00373,A00480,sms,2026-06-07 16:15:00,delivered,appointment_reminder_24h
R00374,A00481,sms,2026-06-07 06:15:00,sent,appointment_reminder_24h
R00375,A00483,zalo,2026-06-07 10:45:00,failed,appointment_reminder_24h
R00376,A00484,email,2026-06-07 12:45:00,failed,appointment_reminder_24h
R00377,A00485,zalo,2026-06-07 12:45:00,delivered,appointment_reminder_24h
R00378,A00486,sms,2026-06-07 07:00:00,delivered,appointment_reminder_24h
R00379,A00487,sms,2026-06-07 04:45:00,delivered,appointment_reminder_24h
R00380,A00488,email,2026-06-07 08:45:00,delivered,appointment_reminder_24h
R00381,A00492,email,2026-06-07 10:30:00,sent,appointment_reminder_24h
R00382,A00493,phone_call,2026-06-07 11:30:00,delivered,appointment_reminder_24h
R00383,A00494,sms,2026-06-07 15:30:00,delivered,appointment_reminder_24h
R00384,A00496,sms,2026-06-07 05:30:00,delivered,appointment_reminder_24h
R00385,A00497,sms,2026-06-07 10:15:00,sent,appointment_reminder_24h
R00386,A00498,email,2026-06-07 07:00:00,delivered,appointment_reminder_24h
R00387,A00499,phone_call,2026-06-07 10:00:00,delivered,appointment_reminder_24h
R00388,A00500,email,2026-06-07 12:30:00,sent,appointment_reminder_24h
R00389,A00504,zalo,2026-06-07 14:30:00,delivered,appointment_reminder_24h
R00390,A00505,email,2026-06-07 07:15:00,failed,appointment_reminder_24h
R00391,A00506,sms,2026-06-07 06:00:00,delivered,appointment_reminder_24h
R00392,A00507,sms,2026-06-07 07:00:00,delivered,appointment_reminder_24h
R00393,A00509,sms,2026-06-07 05:30:00,delivered,appointment_reminder_24h
R00394,A00510,sms,2026-06-07 06:30:00,delivered,appointment_reminder_24h
R00395,A00513,zalo,2026-06-07 07:15:00,delivered,appointment_reminder_24h
R00396,A00516,sms,2026-06-07 16:15:00,delivered,appointment_reminder_24h
R00397,A00517,sms,2026-06-07 06:30:00,delivered,appointment_reminder_24h
R00398,A00519,zalo,2026-06-07 06:30:00,sent,appointment_reminder_24h
R00399,A00520,zalo,2026-06-07 09:00:00,sent,appointment_reminder_24h
R00400,A00521,zalo,2026-06-07 10:30:00,sent,appointment_reminder_24h
R00401,A00522,zalo,2026-06-07 13:45:00,sent,appointment_reminder_24h
R00402,A00523,zalo,2026-06-07 12:00:00,delivered,appointment_reminder_24h
R00403,A00527,sms,2026-06-07 06:45:00,delivered,appointment_reminder_24h
R00404,A00528,zalo,2026-06-07 06:45:00,delivered,appointment_reminder_24h
R00405,A00529,sms,2026-06-07 07:15:00,delivered,appointment_reminder_24h
R00406,A00530,zalo,2026-06-07 04:00:00,failed,appointment_reminder_24h
R00407,A00532,zalo,2026-06-07 11:15:00,delivered,appointment_reminder_24h
R00408,A00534,sms,2026-06-07 05:15:00,sent,appointment_reminder_24h
R00409,A00535,sms,2026-06-07 07:15:00,delivered,appointment_reminder_24h
R00410,A00536,zalo,2026-06-07 06:00:00,sent,appointment_reminder_24h
R00411,A00537,zalo,2026-06-07 09:15:00,sent,appointment_reminder_24h
R00412,A00538,sms,2026-06-07 09:00:00,sent,appointment_reminder_24h
R00413,A00539,sms,2026-06-07 07:30:00,delivered,appointment_reminder_24h
R00414,A00540,zalo,2026-06-07 07:30:00,delivered,appointment_reminder_24h
R00415,A00541,phone_call,2026-06-07 05:30:00,delivered,appointment_reminder_24h
R00416,A00542,sms,2026-06-07 06:30:00,delivered,appointment_reminder_24h
R00417,A00543,zalo,2026-06-07 10:45:00,sent,appointment_reminder_24h
R00418,A00545,sms,2026-06-07 14:30:00,failed,appointment_reminder_24h
R00419,A00547,sms,2026-06-07 09:15:00,delivered,appointment_reminder_24h
R00420,A00548,email,2026-06-07 06:15:00,failed,appointment_reminder_24h
R00421,A00549,sms,2026-06-07 07:30:00,sent,appointment_reminder_24h
R00422,A00550,sms,2026-06-07 08:30:00,delivered,appointment_reminder_24h
R00423,A00551,sms,2026-06-07 06:30:00,delivered,appointment_reminder_24h
R00424,A00553,email,2026-06-07 10:00:00,sent,appointment_reminder_24h
R00425,A00555,zalo,2026-06-07 12:15:00,delivered,appointment_reminder_24h
R00426,A00556,zalo,2026-06-07 04:45:00,delivered,appointment_reminder_24h
R00427,A00557,sms,2026-06-07 09:00:00,delivered,appointment_reminder_24h
R00428,A00558,phone_call,2026-06-07 08:30:00,delivered,appointment_reminder_24h
R00429,A00559,sms,2026-06-07 08:30:00,sent,appointment_reminder_24h
R00430,A00560,zalo,2026-06-07 11:45:00,delivered,appointment_reminder_24h
R00431,A00563,zalo,2026-06-07 12:15:00,delivered,appointment_reminder_24h
R00432,A00564,zalo,2026-06-08 09:15:00,failed,appointment_reminder_24h
R00433,A00565,sms,2026-06-08 05:15:00,delivered,appointment_reminder_24h
R00434,A00566,zalo,2026-06-08 07:45:00,delivered,appointment_reminder_24h
R00435,A00568,zalo,2026-06-08 11:00:00,delivered,appointment_reminder_24h
R00436,A00569,zalo,2026-06-08 13:15:00,delivered,appointment_reminder_24h
R00437,A00570,sms,2026-06-08 13:45:00,delivered,appointment_reminder_24h
R00438,A00573,sms,2026-06-08 13:45:00,delivered,appointment_reminder_24h
R00439,A00574,sms,2026-06-08 04:00:00,delivered,appointment_reminder_24h
R00440,A00575,sms,2026-06-08 06:15:00,delivered,appointment_reminder_24h
R00441,A00576,phone_call,2026-06-08 10:00:00,delivered,appointment_reminder_24h
R00442,A00577,zalo,2026-06-08 10:45:00,delivered,appointment_reminder_24h
R00443,A00580,zalo,2026-06-08 13:30:00,failed,appointment_reminder_24h
R00444,A00581,sms,2026-06-08 12:30:00,sent,appointment_reminder_24h
R00445,A00583,phone_call,2026-06-08 14:15:00,delivered,appointment_reminder_24h
R00446,A00584,sms,2026-06-08 13:00:00,delivered,appointment_reminder_24h
R00447,A00586,zalo,2026-06-08 10:30:00,delivered,appointment_reminder_24h
R00448,A00588,zalo,2026-06-08 16:30:00,delivered,appointment_reminder_24h
R00449,A00589,zalo,2026-06-08 11:45:00,delivered,appointment_reminder_24h
R00450,A00590,zalo,2026-06-08 15:00:00,delivered,appointment_reminder_24h
R00451,A00591,zalo,2026-06-08 14:30:00,delivered,appointment_reminder_24h
R00452,A00592,sms,2026-06-08 06:45:00,delivered,appointment_reminder_24h
R00453,A00593,sms,2026-06-08 05:15:00,sent,appointment_reminder_24h
R00454,A00595,sms,2026-06-08 11:30:00,sent,appointment_reminder_24h
R00455,A00596,phone_call,2026-06-08 16:00:00,sent,appointment_reminder_24h
R00456,A00598,sms,2026-06-08 03:30:00,delivered,appointment_reminder_24h
R00457,A00599,sms,2026-06-08 06:15:00,delivered,appointment_reminder_24h
R00458,A00600,sms,2026-06-08 06:15:00,delivered,appointment_reminder_24h
R00459,A00601,phone_call,2026-06-08 04:15:00,delivered,appointment_reminder_24h
R00460,A00602,email,2026-06-08 08:45:00,delivered,appointment_reminder_24h
R00461,A00603,sms,2026-06-08 10:00:00,delivered,appointment_reminder_24h
R00462,A00606,zalo,2026-06-08 08:45:00,delivered,appointment_reminder_24h
R00463,A00607,sms,2026-06-08 06:15:00,delivered,appointment_reminder_24h
R00464,A00608,email,2026-06-08 04:15:00,delivered,appointment_reminder_24h
R00465,A00609,zalo,2026-06-08 07:15:00,delivered,appointment_reminder_24h
R00466,A00611,zalo,2026-06-08 11:00:00,delivered,appointment_reminder_24h
R00467,A00613,zalo,2026-06-08 14:30:00,delivered,appointment_reminder_24h
R00468,A00614,zalo,2026-06-08 15:15:00,delivered,appointment_reminder_24h
R00469,A00615,phone_call,2026-06-08 07:15:00,delivered,appointment_reminder_24h
R00470,A00616,email,2026-06-08 07:30:00,sent,appointment_reminder_24h
R00471,A00617,sms,2026-06-08 10:15:00,delivered,appointment_reminder_24h
R00472,A00620,phone_call,2026-06-08 05:45:00,delivered,appointment_reminder_24h
R00473,A00622,zalo,2026-06-08 09:30:00,delivered,appointment_reminder_24h
R00474,A00623,email,2026-06-08 10:00:00,delivered,appointment_reminder_24h
R00475,A00625,email,2026-06-08 11:45:00,sent,appointment_reminder_24h
R00476,A00627,sms,2026-06-08 05:45:00,sent,appointment_reminder_24h
R00477,A00628,sms,2026-06-08 03:45:00,delivered,appointment_reminder_24h
R00478,A00629,sms,2026-06-08 06:45:00,delivered,appointment_reminder_24h
R00479,A00630,zalo,2026-06-08 11:00:00,delivered,appointment_reminder_24h
R00480,A00632,sms,2026-06-08 08:45:00,delivered,appointment_reminder_24h
R00481,A00635,sms,2026-06-08 09:45:00,failed,appointment_reminder_24h
R00482,A00636,sms,2026-06-08 08:45:00,delivered,appointment_reminder_24h
R00483,A00639,zalo,2026-06-08 09:00:00,delivered,appointment_reminder_24h
R00484,A00640,zalo,2026-06-08 07:30:00,delivered,appointment_reminder_24h
R00485,A00641,sms,2026-06-08 08:15:00,delivered,appointment_reminder_24h
R00486,A00643,sms,2026-06-08 15:00:00,delivered,appointment_reminder_24h
R00487,A00644,email,2026-06-08 14:45:00,delivered,appointment_reminder_24h
R00488,A00649,sms,2026-06-08 12:45:00,delivered,appointment_reminder_24h
R00489,A00650,sms,2026-06-08 15:15:00,delivered,appointment_reminder_24h
R00490,A00651,zalo,2026-06-08 14:15:00,sent,appointment_reminder_24h
R00491,A00652,phone_call,2026-06-08 06:45:00,sent,appointment_reminder_24h
R00492,A00653,sms,2026-06-08 07:45:00,delivered,appointment_reminder_24h
R00493,A00656,sms,2026-06-08 11:15:00,delivered,appointment_reminder_24h
R00494,A00657,sms,2026-06-08 07:45:00,sent,appointment_reminder_24h
R00495,A00658,zalo,2026-06-08 06:15:00,sent,appointment_reminder_24h
R00496,A00660,sms,2026-06-08 14:30:00,delivered,appointment_reminder_24h
R00497,A00661,email,2026-06-08 08:00:00,delivered,appointment_reminder_24h
R00498,A00663,zalo,2026-06-08 07:15:00,failed,appointment_reminder_24h
R00499,A00665,sms,2026-06-08 05:45:00,sent,appointment_reminder_24h
R00500,A00666,phone_call,2026-06-08 03:15:00,delivered,appointment_reminder_24h
R00501,A00667,sms,2026-06-08 07:45:00,sent,appointment_reminder_24h
R00502,A00668,zalo,2026-06-08 10:45:00,delivered,appointment_reminder_24h
R00503,A00669,zalo,2026-06-08 11:00:00,delivered,appointment_reminder_24h
R00504,A00670,email,2026-06-09 08:45:00,delivered,appointment_reminder_24h
R00505,A00671,sms,2026-06-09 06:30:00,delivered,appointment_reminder_24h
R00506,A00672,sms,2026-06-09 07:15:00,delivered,appointment_reminder_24h
R00507,A00673,zalo,2026-06-09 06:15:00,failed,appointment_reminder_24h
R00508,A00674,zalo,2026-06-09 06:30:00,delivered,appointment_reminder_24h
R00509,A00677,email,2026-06-09 12:15:00,delivered,appointment_reminder_24h
R00510,A00678,email,2026-06-09 13:00:00,delivered,appointment_reminder_24h
R00511,A00679,sms,2026-06-09 12:30:00,failed,appointment_reminder_24h
R00512,A00680,zalo,2026-06-09 14:45:00,sent,appointment_reminder_24h
R00513,A00681,zalo,2026-06-09 15:15:00,delivered,appointment_reminder_24h
R00514,A00682,email,2026-06-09 07:30:00,failed,appointment_reminder_24h
R00515,A00683,sms,2026-06-09 10:30:00,delivered,appointment_reminder_24h
R00516,A00684,sms,2026-06-09 09:45:00,delivered,appointment_reminder_24h
R00517,A00685,sms,2026-06-09 12:45:00,delivered,appointment_reminder_24h
R00518,A00686,sms,2026-06-09 08:45:00,delivered,appointment_reminder_24h
R00519,A00687,zalo,2026-06-09 08:45:00,sent,appointment_reminder_24h
R00520,A00689,zalo,2026-06-09 09:15:00,delivered,appointment_reminder_24h
R00521,A00690,phone_call,2026-06-09 09:00:00,sent,appointment_reminder_24h
R00522,A00693,zalo,2026-06-09 13:15:00,delivered,appointment_reminder_24h
R00523,A00694,phone_call,2026-06-09 13:45:00,failed,appointment_reminder_24h
R00524,A00695,zalo,2026-06-09 12:30:00,delivered,appointment_reminder_24h
R00525,A00696,sms,2026-06-09 05:00:00,sent,appointment_reminder_24h
R00526,A00698,email,2026-06-09 05:30:00,sent,appointment_reminder_24h
R00527,A00699,email,2026-06-09 09:45:00,delivered,appointment_reminder_24h
R00528,A00701,zalo,2026-06-09 10:15:00,delivered,appointment_reminder_24h
R00529,A00702,sms,2026-06-09 06:00:00,sent,appointment_reminder_24h
R00530,A00705,zalo,2026-06-09 07:45:00,delivered,appointment_reminder_24h
R00531,A00706,phone_call,2026-06-09 06:00:00,sent,appointment_reminder_24h
R00532,A00707,zalo,2026-06-09 07:00:00,delivered,appointment_reminder_24h
R00533,A00708,phone_call,2026-06-09 09:45:00,delivered,appointment_reminder_24h
R00534,A00709,zalo,2026-06-09 09:30:00,sent,appointment_reminder_24h
R00535,A00710,zalo,2026-06-09 09:45:00,delivered,appointment_reminder_24h
R00536,A00711,email,2026-06-09 12:15:00,delivered,appointment_reminder_24h
R00537,A00712,email,2026-06-09 15:00:00,delivered,appointment_reminder_24h
R00538,A00714,phone_call,2026-06-09 05:30:00,delivered,appointment_reminder_24h
R00539,A00715,zalo,2026-06-09 06:30:00,sent,appointment_reminder_24h
R00540,A00716,zalo,2026-06-09 07:15:00,delivered,appointment_reminder_24h
R00541,A00717,email,2026-06-09 06:45:00,sent,appointment_reminder_24h
R00542,A00718,email,2026-06-09 11:00:00,delivered,appointment_reminder_24h
R00543,A00719,zalo,2026-06-09 10:45:00,delivered,appointment_reminder_24h
R00544,A00720,email,2026-06-09 13:15:00,delivered,appointment_reminder_24h
R00545,A00721,zalo,2026-06-09 12:45:00,delivered,appointment_reminder_24h
R00546,A00722,zalo,2026-06-09 12:30:00,delivered,appointment_reminder_24h
R00547,A00724,sms,2026-06-09 06:15:00,delivered,appointment_reminder_24h
R00548,A00727,zalo,2026-06-09 14:15:00,failed,appointment_reminder_24h
R00549,A00729,email,2026-06-09 06:45:00,delivered,appointment_reminder_24h
R00550,A00731,zalo,2026-06-09 06:45:00,delivered,appointment_reminder_24h
R00551,A00733,zalo,2026-06-09 11:30:00,delivered,appointment_reminder_24h
R00552,A00734,email,2026-06-09 14:15:00,delivered,appointment_reminder_24h
R00553,A00737,zalo,2026-06-09 15:30:00,delivered,appointment_reminder_24h
R00554,A00738,zalo,2026-06-09 06:15:00,delivered,appointment_reminder_24h
R00555,A00739,sms,2026-06-09 08:45:00,delivered,appointment_reminder_24h
R00556,A00740,zalo,2026-06-09 05:30:00,delivered,appointment_reminder_24h
R00557,A00742,zalo,2026-06-09 08:45:00,delivered,appointment_reminder_24h
R00558,A00744,sms,2026-06-09 11:30:00,delivered,appointment_reminder_24h
R00559,A00748,sms,2026-06-09 04:15:00,delivered,appointment_reminder_24h
R00560,A00749,phone_call,2026-06-09 08:45:00,sent,appointment_reminder_24h
R00561,A00750,zalo,2026-06-09 10:30:00,delivered,appointment_reminder_24h
R00562,A00751,sms,2026-06-09 08:30:00,delivered,appointment_reminder_24h
R00563,A00752,email,2026-06-09 05:00:00,delivered,appointment_reminder_24h
R00564,A00755,sms,2026-06-09 12:15:00,delivered,appointment_reminder_24h
R00565,A00757,sms,2026-06-09 13:45:00,sent,appointment_reminder_24h
R00566,A00758,sms,2026-06-09 07:30:00,delivered,appointment_reminder_24h
R00567,A00759,sms,2026-06-09 05:30:00,delivered,appointment_reminder_24h
R00568,A00760,email,2026-06-09 13:45:00,delivered,appointment_reminder_24h
R00569,A00761,email,2026-06-09 13:00:00,delivered,appointment_reminder_24h
R00570,A00763,sms,2026-06-09 07:45:00,sent,appointment_reminder_24h
R00571,A00764,zalo,2026-06-09 08:15:00,delivered,appointment_reminder_24h
R00572,A00765,zalo,2026-06-09 06:30:00,delivered,appointment_reminder_24h
R00573,A00766,sms,2026-06-09 10:00:00,delivered,appointment_reminder_24h
R00574,A00767,phone_call,2026-06-09 13:15:00,delivered,appointment_reminder_24h
R00575,A00769,sms,2026-06-09 05:15:00,sent,appointment_reminder_24h
R00576,A00770,sms,2026-06-09 10:30:00,delivered,appointment_reminder_24h
R00577,A00771,zalo,2026-06-09 06:45:00,delivered,appointment_reminder_24h
R00578,A00773,phone_call,2026-06-10 05:45:00,delivered,appointment_reminder_24h
R00579,A00774,phone_call,2026-06-10 08:45:00,delivered,appointment_reminder_24h
R00580,A00775,zalo,2026-06-10 09:30:00,sent,appointment_reminder_24h
R00581,A00776,zalo,2026-06-10 05:45:00,failed,appointment_reminder_24h
R00582,A00777,sms,2026-06-10 12:15:00,delivered,appointment_reminder_24h
R00583,A00778,zalo,2026-06-10 08:00:00,delivered,appointment_reminder_24h
R00584,A00780,sms,2026-06-10 08:30:00,delivered,appointment_reminder_24h
R00585,A00782,sms,2026-06-10 08:15:00,delivered,appointment_reminder_24h
R00586,A00783,zalo,2026-06-10 08:45:00,delivered,appointment_reminder_24h
R00587,A00785,sms,2026-06-10 10:45:00,failed,appointment_reminder_24h
R00588,A00786,zalo,2026-06-10 09:30:00,delivered,appointment_reminder_24h
R00589,A00787,sms,2026-06-10 15:00:00,delivered,appointment_reminder_24h
R00590,A00789,sms,2026-06-10 13:15:00,delivered,appointment_reminder_24h
R00591,A00790,zalo,2026-06-10 14:15:00,delivered,appointment_reminder_24h
R00592,A00792,zalo,2026-06-10 13:30:00,delivered,appointment_reminder_24h
R00593,A00793,sms,2026-06-10 11:45:00,delivered,appointment_reminder_24h
R00594,A00794,zalo,2026-06-10 16:00:00,delivered,appointment_reminder_24h
R00595,A00796,sms,2026-06-10 06:15:00,delivered,appointment_reminder_24h
R00596,A00798,sms,2026-06-10 06:30:00,failed,appointment_reminder_24h
R00597,A00800,phone_call,2026-06-10 13:30:00,failed,appointment_reminder_24h
R00598,A00802,email,2026-06-10 11:45:00,delivered,appointment_reminder_24h
R00599,A00803,zalo,2026-06-10 08:30:00,sent,appointment_reminder_24h
R00600,A00804,zalo,2026-06-10 09:15:00,delivered,appointment_reminder_24h
R00601,A00806,phone_call,2026-06-10 06:45:00,delivered,appointment_reminder_24h
R00602,A00807,phone_call,2026-06-10 04:15:00,delivered,appointment_reminder_24h
R00603,A00809,zalo,2026-06-10 09:15:00,delivered,appointment_reminder_24h
R00604,A00810,zalo,2026-06-10 03:45:00,delivered,appointment_reminder_24h
R00605,A00811,sms,2026-06-10 06:45:00,delivered,appointment_reminder_24h
R00606,A00812,zalo,2026-06-10 06:30:00,sent,appointment_reminder_24h
R00607,A00813,sms,2026-06-10 11:00:00,delivered,appointment_reminder_24h
R00608,A00814,zalo,2026-06-10 13:00:00,delivered,appointment_reminder_24h
R00609,A00815,email,2026-06-10 15:00:00,delivered,appointment_reminder_24h
R00610,A00816,sms,2026-06-10 08:00:00,delivered,appointment_reminder_24h
R00611,A00817,zalo,2026-06-10 10:00:00,delivered,appointment_reminder_24h
R00612,A00819,sms,2026-06-10 06:15:00,delivered,appointment_reminder_24h
R00613,A00820,sms,2026-06-10 08:30:00,delivered,appointment_reminder_24h
R00614,A00821,sms,2026-06-10 07:00:00,delivered,appointment_reminder_24h
R00615,A00822,zalo,2026-06-10 07:45:00,sent,appointment_reminder_24h
R00616,A00823,zalo,2026-06-10 07:00:00,sent,appointment_reminder_24h
R00617,A00824,email,2026-06-10 05:15:00,delivered,appointment_reminder_24h
R00618,A00825,sms,2026-06-10 04:15:00,delivered,appointment_reminder_24h
R00619,A00826,zalo,2026-06-10 08:30:00,delivered,appointment_reminder_24h
R00620,A00827,zalo,2026-06-10 12:00:00,delivered,appointment_reminder_24h
R00621,A00829,sms,2026-06-10 12:00:00,delivered,appointment_reminder_24h
R00622,A00830,email,2026-06-10 13:30:00,delivered,appointment_reminder_24h
R00623,A00832,sms,2026-06-10 08:00:00,delivered,appointment_reminder_24h
R00624,A00834,phone_call,2026-06-10 07:30:00,failed,appointment_reminder_24h
R00625,A00835,email,2026-06-10 08:45:00,sent,appointment_reminder_24h
R00626,A00836,sms,2026-06-10 09:45:00,delivered,appointment_reminder_24h
R00627,A00837,sms,2026-06-10 07:15:00,delivered,appointment_reminder_24h
R00628,A00838,zalo,2026-06-10 09:45:00,delivered,appointment_reminder_24h
R00629,A00839,zalo,2026-06-10 11:45:00,delivered,appointment_reminder_24h
R00630,A00840,zalo,2026-06-10 06:00:00,delivered,appointment_reminder_24h
R00631,A00841,email,2026-06-10 06:00:00,delivered,appointment_reminder_24h
R00632,A00842,email,2026-06-10 06:15:00,delivered,appointment_reminder_24h
R00633,A00843,phone_call,2026-06-10 12:00:00,delivered,appointment_reminder_24h
R00634,A00844,zalo,2026-06-10 13:15:00,delivered,appointment_reminder_24h
R00635,A00845,zalo,2026-06-10 06:45:00,sent,appointment_reminder_24h
R00636,A00849,sms,2026-06-10 14:30:00,delivered,appointment_reminder_24h
R00637,A00850,email,2026-06-10 13:00:00,delivered,appointment_reminder_24h
R00638,A00851,email,2026-06-10 07:15:00,delivered,appointment_reminder_24h
R00639,A00853,phone_call,2026-06-10 16:00:00,delivered,appointment_reminder_24h
R00640,A00854,zalo,2026-06-10 11:45:00,delivered,appointment_reminder_24h
R00641,A00856,sms,2026-06-10 11:00:00,delivered,appointment_reminder_24h
R00642,A00858,sms,2026-06-10 14:00:00,delivered,appointment_reminder_24h
R00643,A00859,sms,2026-06-10 03:30:00,delivered,appointment_reminder_24h
R00644,A00860,sms,2026-06-10 06:30:00,delivered,appointment_reminder_24h
R00645,A00861,zalo,2026-06-10 08:30:00,delivered,appointment_reminder_24h
R00646,A00862,sms,2026-06-10 10:15:00,delivered,appointment_reminder_24h
R00647,A00863,sms,2026-06-10 12:45:00,failed,appointment_reminder_24h
R00648,A00865,sms,2026-06-10 06:30:00,delivered,appointment_reminder_24h
R00649,A00866,zalo,2026-06-10 06:45:00,delivered,appointment_reminder_24h
R00650,A00867,email,2026-06-10 07:45:00,delivered,appointment_reminder_24h
R00651,A00868,sms,2026-06-10 12:30:00,delivered,appointment_reminder_24h
R00652,A00869,zalo,2026-06-10 13:45:00,delivered,appointment_reminder_24h
R00653,A00870,phone_call,2026-06-10 10:15:00,delivered,appointment_reminder_24h
R00654,A00871,phone_call,2026-06-10 14:15:00,delivered,appointment_reminder_24h
R00655,A00872,zalo,2026-06-10 13:45:00,delivered,appointment_reminder_24h
R00656,A00873,sms,2026-06-10 14:00:00,sent,appointment_reminder_24h
R00657,A00874,email,2026-06-10 10:00:00,delivered,appointment_reminder_24h
R00658,A00875,sms,2026-06-10 12:30:00,sent,appointment_reminder_24h
R00659,A00876,sms,2026-06-10 14:00:00,delivered,appointment_reminder_24h
R00660,A00877,sms,2026-06-11 07:45:00,delivered,appointment_reminder_24h
R00661,A00878,zalo,2026-06-11 09:30:00,delivered,appointment_reminder_24h
R00662,A00880,sms,2026-06-11 13:45:00,sent,appointment_reminder_24h
R00663,A00881,phone_call,2026-06-11 04:30:00,delivered,appointment_reminder_24h
R00664,A00882,zalo,2026-06-11 09:45:00,delivered,appointment_reminder_24h
R00665,A00883,sms,2026-06-11 08:45:00,failed,appointment_reminder_24h
R00666,A00885,zalo,2026-06-11 07:15:00,delivered,appointment_reminder_24h
R00667,A00886,zalo,2026-06-11 07:00:00,delivered,appointment_reminder_24h
R00668,A00887,email,2026-06-11 05:00:00,delivered,appointment_reminder_24h
R00669,A00889,email,2026-06-11 09:15:00,delivered,appointment_reminder_24h
R00670,A00891,zalo,2026-06-11 14:30:00,delivered,appointment_reminder_24h
R00671,A00893,sms,2026-06-11 04:45:00,delivered,appointment_reminder_24h
R00672,A00894,email,2026-06-11 07:30:00,sent,appointment_reminder_24h
R00673,A00896,zalo,2026-06-11 10:00:00,delivered,appointment_reminder_24h
R00674,A00897,zalo,2026-06-11 15:30:00,delivered,appointment_reminder_24h
R00675,A00898,zalo,2026-06-11 06:30:00,sent,appointment_reminder_24h
R00676,A00900,sms,2026-06-11 13:00:00,delivered,appointment_reminder_24h
R00677,A00902,phone_call,2026-06-11 14:30:00,delivered,appointment_reminder_24h
R00678,A00903,zalo,2026-06-11 09:30:00,delivered,appointment_reminder_24h
R00679,A00907,sms,2026-06-11 11:00:00,sent,appointment_reminder_24h
R00680,A00908,zalo,2026-06-11 09:30:00,delivered,appointment_reminder_24h
R00681,A00910,zalo,2026-06-11 16:00:00,delivered,appointment_reminder_24h
R00682,A00911,sms,2026-06-11 10:15:00,delivered,appointment_reminder_24h
R00683,A00912,sms,2026-06-11 10:30:00,failed,appointment_reminder_24h
R00684,A00913,email,2026-06-11 10:30:00,failed,appointment_reminder_24h
R00685,A00914,sms,2026-06-11 05:30:00,delivered,appointment_reminder_24h
R00686,A00915,email,2026-06-11 07:00:00,delivered,appointment_reminder_24h
R00687,A00916,sms,2026-06-11 12:45:00,delivered,appointment_reminder_24h
R00688,A00919,zalo,2026-06-11 04:15:00,delivered,appointment_reminder_24h
R00689,A00920,email,2026-06-11 06:45:00,delivered,appointment_reminder_24h
R00690,A00921,sms,2026-06-11 14:00:00,sent,appointment_reminder_24h
R00691,A00922,sms,2026-06-11 06:45:00,delivered,appointment_reminder_24h
R00692,A00923,sms,2026-06-11 07:30:00,delivered,appointment_reminder_24h
R00693,A00924,email,2026-06-11 10:00:00,sent,appointment_reminder_24h
R00694,A00925,sms,2026-06-11 09:15:00,delivered,appointment_reminder_24h
R00695,A00926,sms,2026-06-11 11:30:00,delivered,appointment_reminder_24h
R00696,A00927,zalo,2026-06-11 05:30:00,sent,appointment_reminder_24h
R00697,A00928,phone_call,2026-06-11 14:00:00,delivered,appointment_reminder_24h
R00698,A00929,zalo,2026-06-11 14:30:00,delivered,appointment_reminder_24h
R00699,A00930,zalo,2026-06-11 15:15:00,delivered,appointment_reminder_24h
R00700,A00931,email,2026-06-11 05:15:00,delivered,appointment_reminder_24h
R00701,A00932,email,2026-06-11 07:30:00,delivered,appointment_reminder_24h
R00702,A00934,zalo,2026-06-11 07:30:00,delivered,appointment_reminder_24h
R00703,A00937,sms,2026-06-11 08:45:00,delivered,appointment_reminder_24h
R00704,A00938,zalo,2026-06-11 12:30:00,delivered,appointment_reminder_24h
R00705,A00939,sms,2026-06-11 11:00:00,delivered,appointment_reminder_24h
R00706,A00940,zalo,2026-06-11 12:00:00,delivered,appointment_reminder_24h
R00707,A00942,sms,2026-06-11 13:00:00,delivered,appointment_reminder_24h
R00708,A00943,phone_call,2026-06-12 08:00:00,delivered,appointment_reminder_24h
R00709,A00944,phone_call,2026-06-12 08:15:00,delivered,appointment_reminder_24h
R00710,A00945,sms,2026-06-12 03:45:00,delivered,appointment_reminder_24h
R00711,A00946,zalo,2026-06-12 07:30:00,delivered,appointment_reminder_24h
R00712,A00947,phone_call,2026-06-12 10:00:00,sent,appointment_reminder_24h
R00713,A00948,zalo,2026-06-12 12:00:00,delivered,appointment_reminder_24h
R00714,A00949,zalo,2026-06-12 11:45:00,delivered,appointment_reminder_24h
R00715,A00950,zalo,2026-06-12 14:30:00,delivered,appointment_reminder_24h
R00716,A00953,zalo,2026-06-12 13:15:00,delivered,appointment_reminder_24h
R00717,A00954,zalo,2026-06-12 11:30:00,failed,appointment_reminder_24h
R00718,A00955,zalo,2026-06-12 06:45:00,delivered,appointment_reminder_24h
R00719,A00956,email,2026-06-12 10:00:00,delivered,appointment_reminder_24h
R00720,A00958,zalo,2026-06-12 09:30:00,delivered,appointment_reminder_24h
R00721,A00959,zalo,2026-06-12 06:00:00,sent,appointment_reminder_24h
R00722,A00960,zalo,2026-06-12 13:00:00,delivered,appointment_reminder_24h
R00723,A00961,sms,2026-06-12 15:15:00,delivered,appointment_reminder_24h
R00724,A00962,email,2026-06-12 04:30:00,delivered,appointment_reminder_24h
R00725,A00963,zalo,2026-06-12 05:15:00,delivered,appointment_reminder_24h
R00726,A00965,email,2026-06-12 09:00:00,delivered,appointment_reminder_24h
R00727,A00968,email,2026-06-12 14:45:00,delivered,appointment_reminder_24h
R00728,A00969,sms,2026-06-12 12:30:00,delivered,appointment_reminder_24h
R00729,A00970,zalo,2026-06-12 05:15:00,sent,appointment_reminder_24h
R00730,A00971,sms,2026-06-12 09:00:00,delivered,appointment_reminder_24h
R00731,A00972,zalo,2026-06-12 10:00:00,sent,appointment_reminder_24h
R00732,A00973,zalo,2026-06-12 11:45:00,delivered,appointment_reminder_24h
R00733,A00974,zalo,2026-06-12 15:00:00,delivered,appointment_reminder_24h
R00734,A00978,zalo,2026-06-12 06:45:00,delivered,appointment_reminder_24h
R00735,A00979,sms,2026-06-12 06:45:00,delivered,appointment_reminder_24h
R00736,A00982,sms,2026-06-12 10:15:00,delivered,appointment_reminder_24h
R00737,A00983,zalo,2026-06-12 07:15:00,delivered,appointment_reminder_24h
R00738,A00985,zalo,2026-06-12 06:00:00,failed,appointment_reminder_24h
R00739,A00986,zalo,2026-06-12 08:45:00,delivered,appointment_reminder_24h
R00740,A00987,zalo,2026-06-12 12:15:00,delivered,appointment_reminder_24h
R00741,A00988,zalo,2026-06-12 15:45:00,delivered,appointment_reminder_24h
R00742,A00989,zalo,2026-06-12 14:15:00,sent,appointment_reminder_24h
R00743,A00990,zalo,2026-06-12 12:30:00,failed,appointment_reminder_24h
R00744,A00991,sms,2026-06-12 13:45:00,delivered,appointment_reminder_24h
R00745,A00992,sms,2026-06-12 11:15:00,sent,appointment_reminder_24h
R00746,A00993,email,2026-06-12 13:30:00,delivered,appointment_reminder_24h
R00747,A00997,email,2026-06-12 10:45:00,delivered,appointment_reminder_24h
R00748,A00999,zalo,2026-06-12 12:30:00,sent,appointment_reminder_24h
R00749,A01000,sms,2026-06-14 13:00:00,delivered,appointment_reminder_24h
R00750,A01001,sms,2026-06-14 12:00:00,delivered,appointment_reminder_24h
R00751,A01002,zalo,2026-06-14 08:15:00,sent,appointment_reminder_24h
R00752,A01003,sms,2026-06-14 05:15:00,delivered,appointment_reminder_24h
R00753,A01004,email,2026-06-14 05:15:00,delivered,appointment_reminder_24h
R00754,A01006,zalo,2026-06-14 05:45:00,sent,appointment_reminder_24h
R00755,A01007,sms,2026-06-14 12:00:00,delivered,appointment_reminder_24h
R00756,A01008,sms,2026-06-14 13:15:00,delivered,appointment_reminder_24h
R00757,A01009,zalo,2026-06-14 13:15:00,delivered,appointment_reminder_24h
R00758,A01010,zalo,2026-06-14 14:00:00,delivered,appointment_reminder_24h
R00759,A01011,zalo,2026-06-14 07:00:00,delivered,appointment_reminder_24h
R00760,A01013,sms,2026-06-14 07:15:00,delivered,appointment_reminder_24h
R00761,A01014,email,2026-06-14 04:30:00,delivered,appointment_reminder_24h
R00762,A01016,sms,2026-06-14 05:30:00,delivered,appointment_reminder_24h
R00763,A01018,zalo,2026-06-14 12:15:00,delivered,appointment_reminder_24h
R00764,A01019,sms,2026-06-14 10:00:00,delivered,appointment_reminder_24h
R00765,A01021,zalo,2026-06-14 11:30:00,delivered,appointment_reminder_24h
R00766,A01023,zalo,2026-06-14 07:30:00,delivered,appointment_reminder_24h
R00767,A01025,sms,2026-06-14 13:15:00,delivered,appointment_reminder_24h
R00768,A01026,sms,2026-06-14 11:00:00,delivered,appointment_reminder_24h
R00769,A01028,sms,2026-06-14 13:45:00,sent,appointment_reminder_24h
R00770,A01029,zalo,2026-06-14 14:45:00,delivered,appointment_reminder_24h
R00771,A01030,sms,2026-06-14 09:15:00,delivered,appointment_reminder_24h
R00772,A01031,email,2026-06-14 14:45:00,sent,appointment_reminder_24h
R00773,A01034,sms,2026-06-14 07:45:00,delivered,appointment_reminder_24h
R00774,A01035,phone_call,2026-06-14 08:30:00,delivered,appointment_reminder_24h
R00775,A01038,zalo,2026-06-14 08:00:00,sent,appointment_reminder_24h
R00776,A01039,sms,2026-06-14 07:00:00,failed,appointment_reminder_24h
R00777,A01040,zalo,2026-06-14 08:30:00,delivered,appointment_reminder_24h
R00778,A01043,sms,2026-06-14 14:45:00,delivered,appointment_reminder_24h
R00779,A01044,zalo,2026-06-14 07:15:00,delivered,appointment_reminder_24h
R00780,A01046,zalo,2026-06-14 08:30:00,delivered,appointment_reminder_24h
R00781,A01049,phone_call,2026-06-14 14:30:00,delivered,appointment_reminder_24h
R00782,A01050,sms,2026-06-14 07:00:00,delivered,appointment_reminder_24h
R00783,A01052,sms,2026-06-14 14:15:00,delivered,appointment_reminder_24h
R00784,A01054,zalo,2026-06-14 12:15:00,delivered,appointment_reminder_24h
R00785,A01055,phone_call,2026-06-14 14:15:00,delivered,appointment_reminder_24h
R00786,A01056,email,2026-06-14 05:45:00,delivered,appointment_reminder_24h
R00787,A01059,email,2026-06-14 07:15:00,sent,appointment_reminder_24h
R00788,A01060,sms,2026-06-14 10:00:00,delivered,appointment_reminder_24h
R00789,A01061,sms,2026-06-14 13:30:00,delivered,appointment_reminder_24h
R00790,A01062,zalo,2026-06-14 13:00:00,delivered,appointment_reminder_24h
R00791,A01063,phone_call,2026-06-14 15:00:00,delivered,appointment_reminder_24h
R00792,A01064,sms,2026-06-14 05:45:00,delivered,appointment_reminder_24h
R00793,A01065,email,2026-06-14 09:00:00,delivered,appointment_reminder_24h
R00794,A01066,sms,2026-06-14 09:30:00,delivered,appointment_reminder_24h
R00795,A01067,zalo,2026-06-14 12:15:00,delivered,appointment_reminder_24h
R00796,A01068,zalo,2026-06-14 05:15:00,delivered,appointment_reminder_24h
R00797,A01070,zalo,2026-06-14 09:15:00,delivered,appointment_reminder_24h
R00798,A01071,email,2026-06-14 10:00:00,delivered,appointment_reminder_24h
R00799,A01073,zalo,2026-06-14 12:00:00,delivered,appointment_reminder_24h
R00800,A01075,zalo,2026-06-14 15:00:00,delivered,appointment_reminder_24h
R00801,A01076,zalo,2026-06-14 15:00:00,sent,appointment_reminder_24h
R00802,A01077,sms,2026-06-14 14:30:00,delivered,appointment_reminder_24h
R00803,A01079,sms,2026-06-14 13:30:00,delivered,appointment_reminder_24h
R00804,A01081,zalo,2026-06-14 07:30:00,delivered,appointment_reminder_24h
R00805,A01082,sms,2026-06-14 05:00:00,delivered,appointment_reminder_24h
R00806,A01083,sms,2026-06-14 06:15:00,delivered,appointment_reminder_24h
R00807,A01084,sms,2026-06-14 09:15:00,delivered,appointment_reminder_24h
R00808,A01085,zalo,2026-06-14 05:45:00,delivered,appointment_reminder_24h
R00809,A01086,sms,2026-06-14 07:45:00,sent,appointment_reminder_24h
R00810,A01087,email,2026-06-14 05:00:00,delivered,appointment_reminder_24h
R00811,A01088,email,2026-06-14 08:00:00,failed,appointment_reminder_24h
R00812,A01089,phone_call,2026-06-14 04:30:00,sent,appointment_reminder_24h
R00813,A01090,email,2026-06-14 10:15:00,delivered,appointment_reminder_24h
R00814,A01091,zalo,2026-06-14 12:30:00,delivered,appointment_reminder_24h
R00815,A01092,sms,2026-06-14 14:45:00,delivered,appointment_reminder_24h
R00816,A01093,sms,2026-06-14 14:15:00,failed,appointment_reminder_24h
R00817,A01095,email,2026-06-14 11:00:00,delivered,appointment_reminder_24h
R00818,A01096,sms,2026-06-14 11:45:00,delivered,appointment_reminder_24h
R00819,A01097,sms,2026-06-14 07:45:00,delivered,appointment_reminder_24h
R00820,A01098,zalo,2026-06-14 07:15:00,delivered,appointment_reminder_24h
R00821,A01099,phone_call,2026-06-14 08:45:00,delivered,appointment_reminder_24h
R00822,A01100,phone_call,2026-06-14 09:00:00,sent,appointment_reminder_24h
R00823,A01101,zalo,2026-06-14 11:45:00,delivered,appointment_reminder_24h
R00824,A01102,sms,2026-06-14 06:45:00,delivered,appointment_reminder_24h
R00825,A01103,zalo,2026-06-14 07:30:00,delivered,appointment_reminder_24h
R00826,A01104,sms,2026-06-14 09:45:00,delivered,appointment_reminder_24h
R00827,A01105,email,2026-06-14 10:15:00,sent,appointment_reminder_24h
R00828,A01107,zalo,2026-06-14 07:00:00,sent,appointment_reminder_24h
R00829,A01109,email,2026-06-14 05:30:00,delivered,appointment_reminder_24h
R00830,A01110,sms,2026-06-14 12:30:00,delivered,appointment_reminder_24h
R00831,A01113,sms,2026-06-14 05:45:00,delivered,appointment_reminder_24h
R00832,A01115,zalo,2026-06-14 06:30:00,delivered,appointment_reminder_24h
R00833,A01116,sms,2026-06-14 04:00:00,delivered,appointment_reminder_24h
R00834,A01118,sms,2026-06-14 08:45:00,sent,appointment_reminder_24h
R00835,A01119,zalo,2026-06-14 06:45:00,delivered,appointment_reminder_24h
R00836,A01120,sms,2026-06-14 05:45:00,delivered,appointment_reminder_24h
R00837,A01121,sms,2026-06-14 06:30:00,delivered,appointment_reminder_24h
R00838,A01122,zalo,2026-06-14 09:30:00,delivered,appointment_reminder_24h
R00839,A01123,zalo,2026-06-14 10:45:00,failed,appointment_reminder_24h
R00840,A01124,zalo,2026-06-14 12:00:00,delivered,appointment_reminder_24h
R00841,A01125,phone_call,2026-06-14 08:45:00,delivered,appointment_reminder_24h
R00842,A01126,sms,2026-06-14 09:45:00,delivered,appointment_reminder_24h
R00843,A01127,sms,2026-06-14 10:30:00,failed,appointment_reminder_24h
R00844,A01128,sms,2026-06-14 05:45:00,delivered,appointment_reminder_24h
R00845,A01129,zalo,2026-06-14 08:15:00,delivered,appointment_reminder_24h
R00846,A01131,sms,2026-06-14 15:30:00,sent,appointment_reminder_24h
R00847,A01132,zalo,2026-06-14 13:30:00,delivered,appointment_reminder_24h
R00848,A01133,phone_call,2026-06-14 15:30:00,delivered,appointment_reminder_24h
R00849,A01135,sms,2026-06-14 04:45:00,delivered,appointment_reminder_24h
R00850,A01136,zalo,2026-06-14 06:30:00,failed,appointment_reminder_24h
R00851,A01137,sms,2026-06-14 12:15:00,delivered,appointment_reminder_24h
R00852,A01138,zalo,2026-06-14 14:45:00,delivered,appointment_reminder_24h
R00853,A01141,zalo,2026-06-14 14:30:00,delivered,appointment_reminder_24h
